mc	mn	quarterbeats	quarterbeats_all_endings	duration_qb	mc_onset	mn_onset	event	timesig	staff	voice	duration	nominal_duration	scalar	chord_id
1	1	0	0	2.0	0	0	Chord	4/4	1	1	1/2	1/2	1	0
1	1	2	2	1.0	1/2	1/2	Chord	4/4	1	1	1/4	1/4	1	1
1	1	3	3	1.0	3/4	3/4	Chord	4/4	1	1	1/4	1/4	1	2
1	1	0	0	2.0	0	0	Chord	4/4	2	1	1/2	1/2	1	3
1	1	2	2	1.0	1/2	1/2	Chord	4/4	2	1	1/4	1/4	1	4
1	1	3	3	1.0	3/4	3/4	Chord	4/4	2	1	1/4	1/4	1	5
1	1	0	0	2.0	0	0	Chord	4/4	3	1	1/2	1/2	1	6
1	1	2	2	1.0	1/2	1/2	Chord	4/4	3	1	1/4	1/4	1	7
1	1	3	3	1.0	3/4	3/4	Chord	4/4	3	1	1/4	1/4	1	8
1	1	0	0	2.0	0	0	Chord	4/4	4	1	1/2	1/2	1	9
1	1	2	2	1.0	1/2	1/2	Chord	4/4	4	1	1/4	1/4	1	10
1	1	3	3	1.0	3/4	3/4	Chord	4/4	4	1	1/4	1/4	1	11
2	2	4	4	2.0	0	0	Chord	4/4	1	1	1/2	1/2	1	12
2	2	6	6	1.0	1/2	1/2	Chord	4/4	1	1	1/4	1/4	1	13
2	2	7	7	1.0	3/4	3/4	Chord	4/4	1	1	1/4	1/4	1	14
2	2	4	4	2.0	0	0	Chord	4/4	2	1	1/2	1/2	1	15
2	2	6	6	1.0	1/2	1/2	Chord	4/4	2	1	1/4	1/4	1	16
2	2	7	7	1.0	3/4	3/4	Chord	4/4	2	1	1/4	1/4	1	17
2	2	4	4	2.0	0	0	Chord	4/4	3	1	1/2	1/2	1	18
2	2	6	6	1.0	1/2	1/2	Chord	4/4	3	1	1/4	1/4	1	19
2	2	7	7	1.0	3/4	3/4	Chord	4/4	3	1	1/4	1/4	1	20
2	2	4	4	2.0	0	0	Chord	4/4	4	1	1/2	1/2	1	21
2	2	6	6	1.0	1/2	1/2	Chord	4/4	4	1	1/4	1/4	1	22
2	2	7	7	1.0	3/4	3/4	Chord	4/4	4	1	1/4	1/4	1	23
3	3	8	8	1.0	0	0	Chord	4/4	1	1	1/4	1/4	1	24
3	3	9	9	1.0	1/4	1/4	Chord	4/4	1	1	1/4	1/4	1	25
3	3	10	10	2.0	1/2	1/2	Chord	4/4	1	1	1/2	1/2	1	26
3	3	8	8	1.0	0	0	Chord	4/4	2	1	1/4	1/4	1	27
3	3	9	9	1.0	1/4	1/4	Chord	4/4	2	1	1/4	1/4	1	28
3	3	10	10	2.0	1/2	1/2	Chord	4/4	2	1	1/2	1/2	1	29
3	3	8	8	1.0	0	0	Chord	4/4	3	1	1/4	1/4	1	30
3	3	9	9	1.0	1/4	1/4	Chord	4/4	3	1	1/4	1/4	1	31
3	3	10	10	2.0	1/2	1/2	Chord	4/4	3	1	1/2	1/2	1	32
3	3	8	8	1.0	0	0	Chord	4/4	4	1	1/4	1/4	1	33
3	3	9	9	1.0	1/4	1/4	Chord	4/4	4	1	1/4	1/4	1	34
3	3	10	10	2.0	1/2	1/2	Chord	4/4	4	1	1/2	1/2	1	35
4	4	12	12	2.0	0	0	Chord	4/4	1	1	1/2	1/2	1	36
4	4	12	12	2.0	0	0	Chord	4/4	2	1	1/2	1/2	1	37
4	4	12	12	2.0	0	0	Chord	4/4	3	1	1/2	1/2	1	38
4	4	12	12	2.0	0	0	Chord	4/4	4	1	1/2	1/2	1	39
5	5	16	16	2.0	0	0	Chord	4/4	1	1	1/2	1/2	1	40
5	5	18	18	1.0	1/2	1/2	Chord	4/4	1	1	1/4	1/4	1	41
5	5	19	19	1.0	3/4	3/4	Chord	4/4	1	1	1/4	1/4	1	42
5	5	16	16	2.0	0	0	Chord	4/4	2	1	1/2	1/2	1	43
5	5	18	18	1.0	1/2	1/2	Chord	4/4	2	1	1/4	1/4	1	44
5	5	19	19	1.0	3/4	3/4	Chord	4/4	2	1	1/4	1/4	1	45
5	5	16	16	2.0	0	0	Chord	4/4	3	1	1/2	1/2	1	46
5	5	18	18	1.0	1/2	1/2	Chord	4/4	3	1	1/4	1/4	1	47
5	5	19	19	1.0	3/4	3/4	Chord	4/4	3	1	1/4	1/4	1	48
5	5	16	16	2.0	0	0	Chord	4/4	4	1	1/2	1/2	1	49
5	5	18	18	1.0	1/2	1/2	Chord	4/4	4	1	1/4	1/4	1	50
5	5	19	19	1.0	3/4	3/4	Chord	4/4	4	1	1/4	1/4	1	51
6	6	20	20	1.0	0	0	Chord	4/4	1	1	1/4	1/4	1	52
6	6	21	21	1.0	1/4	1/4	Chord	4/4	1	1	1/4	1/4	1	53
6	6	22	22	2.0	1/2	1/2	Chord	4/4	1	1	1/2	1/2	1	54
6	6	20	20	1.0	0	0	Chord	4/4	2	1	1/4	1/4	1	55
6	6	21	21	1.0	1/4	1/4	Chord	4/4	2	1	1/4	1/4	1	56
6	6	22	22	2.0	1/2	1/2	Chord	4/4	2	1	1/2	1/2	1	57
6	6	20	20	1.0	0	0	Chord	4/4	3	1	1/4	1/4	1	58
6	6	21	21	1.0	1/4	1/4	Chord	4/4	3	1	1/4	1/4	1	59
6	6	22	22	2.0	1/2	1/2	Chord	4/4	3	1	1/2	1/2	1	60
6	6	20	20	1.0	0	0	Chord	4/4	4	1	1/4	1/4	1	61
6	6	21	21	1.0	1/4	1/4	Chord	4/4	4	1	1/4	1/4	1	62
6	6	22	22	2.0	1/2	1/2	Chord	4/4	4	1	1/2	1/2	1	63
7	7	24	24	2.0	0	0	Chord	4/4	1	1	1/2	1/2	1	64
7	7	26	26	2.0	1/2	1/2	Chord	4/4	1	1	1/2	1/2	1	65
7	7	24	24	2.0	0	0	Chord	4/4	2	1	1/2	1/2	1	66
7	7	26	26	2.0	1/2	1/2	Chord	4/4	2	1	1/2	1/2	1	67
7	7	24	24	2.0	0	0	Chord	4/4	3	1	1/2	1/2	1	68
7	7	26	26	2.0	1/2	1/2	Chord	4/4	3	1	1/2	1/2	1	69
7	7	24	24	2.0	0	0	Chord	4/4	4	1	1/2	1/2	1	70
7	7	26	26	2.0	1/2	1/2	Chord	4/4	4	1	1/2	1/2	1	71
8	8	30	30	2.0	1/2	1/2	Chord	4/4	1	1	1/2	1/2	1	72
8	8	30	30	2.0	1/2	1/2	Chord	4/4	2	1	1/2	1/2	1	73
8	8	30	30	2.0	1/2	1/2	Chord	4/4	3	1	1/2	1/2	1	74
8	8	30	30	2.0	1/2	1/2	Chord	4/4	4	1	1/2	1/2	1	75
9	9	32	32	1.0	0	0	Chord	4/4	1	1	1/4	1/4	1	76
9	9	33	33	1.0	1/4	1/4	Chord	4/4	1	1	1/4	1/4	1	77
9	9	34	34	2.0	1/2	1/2	Chord	4/4	1	1	1/2	1/2	1	78
9	9	32	32	1.0	0	0	Chord	4/4	2	1	1/4	1/4	1	79
9	9	33	33	1.0	1/4	1/4	Chord	4/4	2	1	1/4	1/4	1	80
9	9	34	34	2.0	1/2	1/2	Chord	4/4	2	1	1/2	1/2	1	81
9	9	32	32	1.0	0	0	Chord	4/4	3	1	1/4	1/4	1	82
9	9	33	33	1.0	1/4	1/4	Chord	4/4	3	1	1/4	1/4	1	83
9	9	34	34	2.0	1/2	1/2	Chord	4/4	3	1	1/2	1/2	1	84
9	9	32	32	1.0	0	0	Chord	4/4	4	1	1/4	1/4	1	85
9	9	33	33	1.0	1/4	1/4	Chord	4/4	4	1	1/4	1/4	1	86
9	9	34	34	2.0	1/2	1/2	Chord	4/4	4	1	1/2	1/2	1	87
10	10	36	36	2.0	0	0	Chord	4/4	1	1	1/2	1/2	1	88
10	10	38	38	1.0	1/2	1/2	Chord	4/4	1	1	1/4	1/4	1	89
10	10	39	39	1.0	3/4	3/4	Chord	4/4	1	1	1/4	1/4	1	90
10	10	36	36	2.0	0	0	Chord	4/4	2	1	1/2	1/2	1	91
10	10	38	38	1.0	1/2	1/2	Chord	4/4	2	1	1/4	1/4	1	92
10	10	39	39	1.0	3/4	3/4	Chord	4/4	2	1	1/4	1/4	1	93
10	10	36	36	2.0	0	0	Chord	4/4	3	1	1/2	1/2	1	94
10	10	38	38	1.0	1/2	1/2	Chord	4/4	3	1	1/4	1/4	1	95
10	10	39	39	1.0	3/4	3/4	Chord	4/4	3	1	1/4	1/4	1	96
10	10	36	36	2.0	0	0	Chord	4/4	4	1	1/2	1/2	1	97
10	10	38	38	1.0	1/2	1/2	Chord	4/4	4	1	1/4	1/4	1	98
10	10	39	39	1.0	3/4	3/4	Chord	4/4	4	1	1/4	1/4	1	99
11	11	40	40	2.0	0	0	Chord	4/4	1	1	1/2	1/2	1	100
11	11	42	42	2.0	1/2	1/2	Chord	4/4	1	1	1/2	1/2	1	101
11	11	40	40	1.0	0	0	Chord	4/4	2	1	1/4	1/4	1	102
11	11	41	41	1.0	1/4	1/4	Chord	4/4	2	1	1/4	1/4	1	103
11	11	42	42	2.0	1/2	1/2	Chord	4/4	2	1	1/2	1/2	1	104
11	11	40	40	2.0	0	0	Chord	4/4	3	1	1/2	1/2	1	105
11	11	42	42	2.0	1/2	1/2	Chord	4/4	3	1	1/2	1/2	1	106
11	11	40	40	2.0	0	0	Chord	4/4	4	1	1/2	1/2	1	107
11	11	42	42	2.0	1/2	1/2	Chord	4/4	4	1	1/2	1/2	1	108
12	12	46	46	2.0	1/2	1/2	Chord	4/4	1	1	1/2	1/2	1	109
12	12	46	46	2.0	1/2	1/2	Chord	4/4	2	1	1/2	1/2	1	110
12	12	46	46	2.0	1/2	1/2	Chord	4/4	3	1	1/2	1/2	1	111
12	12	46	46	2.0	1/2	1/2	Chord	4/4	4	1	1/2	1/2	1	112
13	13	48	48	1.0	0	0	Chord	4/4	1	1	1/4	1/4	1	113
13	13	49	49	1.0	1/4	1/4	Chord	4/4	1	1	1/4	1/4	1	114
13	13	50	50	1.0	1/2	1/2	Chord	4/4	1	1	1/4	1/4	1	115
13	13	51	51	1.0	3/4	3/4	Chord	4/4	1	1	1/4	1/4	1	116
13	13	48	48	1.0	0	0	Chord	4/4	2	1	1/4	1/4	1	117
13	13	49	49	1.0	1/4	1/4	Chord	4/4	2	1	1/4	1/4	1	118
13	13	50	50	1.0	1/2	1/2	Chord	4/4	2	1	1/4	1/4	1	119
13	13	51	51	1.0	3/4	3/4	Chord	4/4	2	1	1/4	1/4	1	120
13	13	48	48	1.0	0	0	Chord	4/4	3	1	1/4	1/4	1	121
13	13	49	49	1.0	1/4	1/4	Chord	4/4	3	1	1/4	1/4	1	122
13	13	50	50	1.0	1/2	1/2	Chord	4/4	3	1	1/4	1/4	1	123
13	13	51	51	1.0	3/4	3/4	Chord	4/4	3	1	1/4	1/4	1	124
13	13	48	48	1.0	0	0	Chord	4/4	4	1	1/4	1/4	1	125
13	13	49	49	1.0	1/4	1/4	Chord	4/4	4	1	1/4	1/4	1	126
13	13	50	50	1.0	1/2	1/2	Chord	4/4	4	1	1/4	1/4	1	127
13	13	51	51	1.0	3/4	3/4	Chord	4/4	4	1	1/4	1/4	1	128
14	14	52	52	2.0	0	0	Chord	4/4	1	1	1/2	1/2	1	129
14	14	54	54	2.0	1/2	1/2	Chord	4/4	1	1	1/2	1/2	1	130
14	14	52	52	1.0	0	0	Chord	4/4	2	1	1/4	1/4	1	131
14	14	53	53	2.0	1/4	1/4	Chord	4/4	2	1	1/2	1/2	1	132
14	14	55	55	1.0	3/4	3/4	Chord	4/4	2	1	1/4	1/4	1	133
14	14	52	52	2.0	0	0	Chord	4/4	3	1	1/2	1/2	1	134
14	14	54	54	2.0	1/2	1/2	Chord	4/4	3	1	1/2	1/2	1	135
14	14	52	52	2.0	0	0	Chord	4/4	4	1	1/2	1/2	1	136
14	14	54	54	2.0	1/2	1/2	Chord	4/4	4	1	1/2	1/2	1	137
15	15	56	56	4.0	0	0	Chord	4/4	1	1	1	1	1	138
15	15	56	56	4.0	0	0	Chord	4/4	2	1	1	1	1	139
15	15	56	56	4.0	0	0	Chord	4/4	3	1	1	1	1	140
15	15	56	56	4.0	0	0	Chord	4/4	4	1	1	1	1	141
